Date,HighTempF,LowTempF,Humidity,WindSpeedMPH,PrecipitationIN
2026-07-01,85.2,68.4,55,8.5,0.00
2026-07-02,87.6,70.1,60,10.2,0.05
2026-07-03,82.3,66.8,58,7.9,0.00
2026-07-04,90.1,72.5,45,12.4,0.00
2026-07-05,88.4,71.2,50,9.6,0.12
2026-07-06,79.8,64.3,65,15.3,0.45
2026-07-07,76.5,61.9,70,18.7,0.82
2026-07-08,84.0,67.5,52,6.4,0.00
2026-07-09,86.7,69.8,48,8.1,0.00
2026-07-10,91.3,73.6,42,11.0,0.00
2026-07-11,ERROR,68.0,55,9.0,0.03
2026-07-12,64.0,53.0,78,15.0,0.00
2026-07-13,78.2,60.5,68,13.4,0.10
2026-07-14,81.0,63.2,62,10.1,0.00
2026-07-15,85.4,67.0,54,8.8,0.00
2026-07-16,88.9,ERROR,7.5,ERROR
2026-07-17,87.1,69.2,53,9.2,0.02
2026-07-18,83.8,66.5,61,11.0,0.18
2026-07-19,80.5,64.1,66,12.8,0.00
2026-07-20,84.6,67.8,57,8.0,0.00
2026-07-21,ERROR,ERROR,ERROR,ERROR,ERROR